,00:00,01:00,02:00,03:00,04:00,05:00,06:00,07:00,08:00,09:00,10:00,11:00,12:00,13:00,14:00,15:00,16:00,17:00,18:00,19:00,20:00,21:00,22:00,23:00,00:00.1,01:00.1,02:00.1,03:00.1,04:00.1,05:00.1,06:00.1,07:00.1,08:00.1,09:00.1,10:00.1,11:00.1,12:00.1,13:00.1,14:00.1,15:00.1,16:00.1,17:00.1,18:00.1,19:00.1,20:00.1,21:00.1,22:00.1,23:00.1,00:00.2,01:00.2,02:00.2,03:00.2,04:00.2,05:00.2,06:00.2,07:00.2,08:00.2,09:00.2,10:00.2,11:00.2,12:00.2,13:00.2,14:00.2,15:00.2,16:00.2,17:00.2,18:00.2,19:00.2,20:00.2,21:00.2,22:00.2,23:00.2,00:00.3,01:00.3,02:00.3,03:00.3,04:00.3,05:00.3,06:00.3,07:00.3,08:00.3,09:00.3,10:00.3,11:00.3,12:00.3,13:00.3,14:00.3,15:00.3,16:00.3,17:00.3,18:00.3,19:00.3,20:00.3,21:00.3,22:00.3,23:00.3,00:00.4,01:00.4,02:00.4,03:00.4,04:00.4,05:00.4,06:00.4,07:00.4,08:00.4,09:00.4,10:00.4,11:00.4,12:00.4,13:00.4,14:00.4,15:00.4,16:00.4,17:00.4,18:00.4,19:00.4,20:00.4,21:00.4,22:00.4,23:00.4
0,480,245,424,242,733,58,600,822,8804,6687,23739,21117,14840,20882,16793,4555,22090,23678,18468,15814,9859,7203,2791,4072,4182,1335,661,125,759,271,386,340,2193,9709,13730,25949,11544,2301,464,9641,10914,16567,17908,13408,19987,10687,3492,2202,6037,5918,463,197,222,35,118,1067,13893,20380,4371,7000,20824,12470,13654,11093,12402,11533,26855,9421,3605,2860,4798,5129,166,55,245,391,1222,477,824,652,7078,9496,13684,16049,11809,10704,17998,3762,9137,7469,7432,8670,3432,3129,2638,6674,166,160,747,315,589,581,581,592,1014,8674,19068,22095,22062,42136,62091,47746,19932,68238,57597,53561,14652,8412,3382,1908
1,1532,1535,546,270,5704,9447,28610,19627,24468,30029,43085,19955,19048,30845,23816,29557,23204,15980,9892,8865,2279,24152,1160,283,1151,243,555,1761,2912,11450,31214,21983,16881,30703,19239,20986,16557,8688,26858,29238,27710,18044,39671,14055,7505,1563,1399,1133,777,871,1576,1721,598,7000,1150,682,2502,25881,13779,35994,26956,13381,13910,10837,24982,12690,19883,300,1192,752,6020,377,632,636,1900,5100,5000,1548,1649,12497,12434,12122,24760,21349,14703,11530,18993,644,370,711,6003,7846,4372,1136,1194,579,1212,603,844,1180,6566,975,28624,16372,15269,56551,37520,28160,8386,31308,32131,29361,7279,6324,369,2977,5339,425,2334,3231
2,4408,2075,480,480,480,480,480,480,485,19090,30306,15567,19259,23582,26507,62600,36530,40782,19567,10192,19797,33566,14499,16344,14402,8080,411,707,682,681,3480,945,965,17830,16983,15131,11743,27088,16386,23787,23360,16237,16766,5210,32923,8847,7423,9276,7454,4117,342,491,1473,588,1008,985,3926,6367,987,3018,14078,2757,12367,26722,32398,20046,27227,20187,22848,68830,16202,24706,4246,296,3739,1277,848,478,1081,2024,3134,27153,21322,22512,40711,28922,30232,36360,49405,29573,38460,27375,29236,16496,17364,35313,17275,19926,8288,3472,1070,1289,2509,2121,1280,6296,18114,14317,22172,51253,36196,54301,22786,11387,313,858,14527,15971,9636,5268
3,2220,423,203,28,569,388,11980,17591,16399,22316,7254,5525,18706,22042,8224,9726,13633,4575,22695,33011,25630,46288,39667,28332,7965,10064,8475,9645,10301,4733,6929,654,4597,204,104,4858,21268,15837,10829,6058,3827,7065,12234,10209,13200,11076,17791,6318,5561,7271,12511,358,154,347,231,504,499,4796,225,254,241,760,12666,17196,25530,16149,19187,12875,15889,25213,16213,13394,4204,11352,5445,3169,10285,501,1202,269,584,332,265,509,882,16019,14777,7654,9234,23430,5445,29340,12420,14398,24774,31817,7008,9139,6893,11538,550,376,318,703,495,402,216,1269,8799,17063,20002,19351,13525,7144,17898,35848,26382,19299,21194,12544
4,4835,3959,6457,807,1710,360,532,544,949,9951,5784,9262,9736,29579,41204,62282,15433,806,14013,15777,8858,6839,16246,14172,12902,6384,8436,989,1703,1117,443,559,71,13900,11132,11869,10887,29002,20231,24102,16103,14114,23775,14875,16016,15677,7811,6161,8509,252,3302,1736,2338,4583,1641,471,265,835,1087,17418,12370,27556,25203,15246,11327,19546,6086,13835,13507,4424,5408,5647,4759,2900,166,132,2340,2612,392,90,596,8207,6765,6815,28367,37908,19436,3066,10718,14736,970,6146,4239,22260,3997,8083,5043,9013,177,546,2634,198,135,214,448,648,9936,9443,20676,24589,23162,21270,21128,5430,55,9985,16721,10956,2441,16536
5,4594,175,612,192,705,950,307,17239,14846,6839,39950,17948,5718,27877,24820,26181,2735,5547,10942,30557,6484,4104,6206,10447,8922,4631,795,644,851,843,9392,15528,24422,9967,4412,13881,17004,45549,18884,21072,202,3,30,12,175,6,66,0,0,0,0,0,0,0,90,6257,20576,11010,16685,15700,10043,6578,24940,29423,27076,180,8835,19884,43229,12038,9081,12405,6178,344,377,1597,696,908,222,970,5914,20865,16242,37928,10026,14253,26846,19102,15390,6888,29318,56630,20693,6564,6450,3501,7270,281,392,256,1148,810,618,562,4287,16948,16204,17107,14077,8616,19559,7418,34535,33381,22732,36939,8299,20441,8470,11462
6,1068,917,606,676,596,34090,17938,14812,28039,33920,33915,31508,34775,28736,18529,21393,560,688,1327,11248,10405,17734,11928,15147,1190,1171,1329,223,2134,1092,804,612,1026,1160,17031,844,2838,5299,14206,1707,1273,10571,21261,13627,14762,10882,14540,8960,1272,861,650,1598,1246,747,1253,6828,2171,743,1115,8682,15537,4205,32832,20271,65833,68770,61014,65715,54349,55070,49615,22743,16491,1020,1699,956,1550,1522,1340,769,952,492,7590,8469,776,38203,75308,75525,67553,71248,70348,59606,40791,44266,36182,27290,32896,26381,32577,12175,1731,754,1185,1454,743,591,5868,9470,897,14198,11931,9595,5087,17686,12559,13182,17699,17092,22430,5865
7,1386,818,2135,974,241,1026,1812,688,1343,3193,17975,12786,6624,43606,8194,34133,31975,24406,35533,25412,19397,13320,28790,3784,2279,670,466,860,225,2466,1812,781,1727,1168,4560,24084,7791,20472,86249,50213,29343,32358,17770,22973,24559,24923,34134,15268,18216,41792,6130,883,1043,559,1930,437,2859,1445,720,6870,18703,37543,34935,10266,11640,11600,23744,4249,5718,18345,7844,11947,5738,3146,1179,694,476,1598,643,698,1454,2432,13403,42379,15855,26916,47174,41024,69943,58353,52793,34690,17520,13738,7639,11607,6766,2189,1164,454,412,737,320,2870,1423,1190,14045,4860,4860,4860,4860,4860,4860,4860,4860,4860,11096,14692,4612,10552
8,2882,871,411,2840,1243,506,1093,11200,21471,25424,35718,9398,3343,3363,3472,5402,12234,16475,15489,10836,10545,19962,8731,14398,12967,9619,1128,1262,815,1526,609,586,747,9840,11773,7125,30954,17542,5555,3167,3328,32870,30021,14039,21970,19606,15257,4779,10020,4500,22497,18566,786,867,728,1567,1238,10932,2080,12063,14431,15879,10992,5962,22054,32463,15393,3157,21089,15024,13325,13739,9357,544,1737,568,902,584,1188,8733,1140,457,4268,17472,22223,12152,14741,10241,8999,9112,30243,13350,9117,5377,10868,4559,5756,17611,662,2035,1323,673,2370,1305,8776,10206,28341,20220,26394,31199,8472,5947,2743,15931,23580,6301,15973,6910,13108,13048
9,959,328,1629,641,440,548,346,12782,31878,24143,44077,27259,48346,48595,33069,37756,41776,48462,66345,45954,31324,26594,36162,4696,951,1220,563,740,1225,1929,1004,2965,32139,36958,53957,57254,48257,44498,44702,26645,36407,17885,18644,15746,17313,30211,26523,4361,5806,734,131,447,423,1306,516,18586,35659,20100,21642,18689,26571,14201,30283,35830,42906,36147,35981,31263,40085,27106,30566,7740,1186,400,794,550,552,929,2575,14612,40114,39886,40989,28275,25715,19740,34928,49429,27818,15546,20291,8196,20261,38203,17621,24933,508,929,747,1103,1566,1189,1187,1759,1158,10275,22857,19036,18797,38353,31743,59056,49177,27083,46986,48047,21038,24383,22916,520
10,4126,135,258,816,602,465,6962,251,299,2538,345,865,224,23699,20138,33358,8707,10556,1501,25936,25566,5649,1337,12736,7156,358,129,564,70,1023,7654,166,688,9193,22599,10661,13589,6594,19429,2457,14024,20413,14965,16990,1878,4020,14042,8875,5602,3776,6986,3068,3241,133,531,99,525,465,332,460,10508,22161,19037,22120,22256,15443,18999,12969,42125,13922,20801,19810,20710,22698,22011,9838,8059,2806,3,681,30,54,560,94,8525,9620,10950,18801,32991,19049,27151,10302,10558,19820,20338,14386,20815,6183,4741,7025,3781,93,758,69,504,255,128,169,1598,442,431,540,9285,1309,5399,1169,1100,790,1128,10486
11,706,2978,662,47,383,643,4018,5668,4839,3091,2924,160,11322,13017,15998,14796,9576,22022,4951,11075,7570,17972,10805,2961,4333,703,69,1229,139,281,624,7836,6272,17960,63559,39144,25888,18139,26007,25199,11900,12857,18562,22021,17704,26985,9049,14428,14329,1855,328,1469,192,187,445,5183,3519,495,11500,16184,15619,23972,32067,20906,17926,29945,31161,12620,19275,8819,6856,7203,13297,2960,259,283,151,25,320,837,323,423,747,4857,14691,14543,33852,26616,22866,26834,16911,17396,11304,10413,16203,6666,17660,18226,15894,7376,1188,287,732,504,457,262,12729,10228,21545,29280,28797,15859,13325,4484,2764,24390,1771,2555,13449,7319
12,304,606,316,2275,4103,16187,14692,8681,1295,1176,42822,32274,38660,32159,22504,25932,28933,11738,26836,25244,25728,15069,22032,23155,28326,15073,11414,1765,3334,224,628,1652,949,18146,35359,24514,31924,21001,6392,18802,24402,23981,19184,19529,11421,11625,25050,16108,28654,8560,1684,275,828,599,513,2406,18800,4396,1873,14231,13285,11818,8106,1511,980,4176,17471,9815,13034,14342,9747,9559,18381,4994,8120,1167,760,518,1012,15150,34595,37874,37900,54389,25428,45129,19130,10615,11521,23124,27093,16086,27060,17593,9833,5042,16640,6209,1689,707,261,1823,6742,733,853,1309,34425,7537,18729,46483,31413,17952,17708,8970,24004,31084,17159,6829,8217,19785
13,112,340,10844,14721,8324,6310,26737,16852,5452,589,44674,8817,28728,7114,9597,2464,2015,0,2952,5207,3079,414,1256,71,9,1333,120,13948,142,4720,588,5906,1150,118,5793,4339,13382,15192,6786,3020,628,2021,2357,2013,42,74,3,1907,11683,3290,3153,628,24,1299,1407,13008,6397,10020,7935,3549,4931,672,2979,349,5799,263,2157,392,225,590,2286,76,9,123,646,14545,2966,2137,10621,5995,8013,4596,4567,6682,12992,4848,8084,5,3985,108,990,2904,2298,1036,693,1320,0,41,44,6763,6299,8807,2068,3313,1874,5628,8867,16673,8169,2342,10719,4608,0,5014,1618,3446,2456,24,128,1141
14,1078,224,1091,209,810,676,1440,43040,26806,12270,11314,13869,7454,9881,8068,14438,14989,10289,24621,12819,10560,14107,4088,8780,2232,129,976,447,552,702,896,32407,18209,10108,4413,11347,7404,4734,6437,10417,11456,15938,6558,11318,11697,6443,14545,208,546,535,323,110,176,994,3071,47195,11153,15614,9025,16237,12706,21765,65955,10250,15164,24228,13074,26538,10539,7196,18102,18334,7651,3973,352,58,1099,391,793,1207,533,1274,1156,263,19822,10975,10293,843,10030,4103,18871,11908,5881,3580,5009,7007,4111,516,645,222,339,512,295,774,588,555,2666,7992,10694,5160,7562,6269,15089,8037,8268,5930,2730,2225,9488,12955
15,185,65,233,435,34,110,97,516,17279,6196,57723,62498,38441,60094,61323,53911,35782,33634,23551,4969,23026,6671,3486,15264,130,248,0,2722,1169,432,504,151,7509,17929,25622,47395,25312,18483,27019,32690,20499,32796,90108,60539,14544,28487,2330,5159,12024,76,23,188,333,140,407,142,5212,26701,12662,9039,30960,33971,37344,48627,31155,6271,32291,20009,31785,6602,4134,12014,2082,90,152,20,91,302,1140,672,11438,18632,18588,33875,22216,37383,15325,33325,29037,22793,31081,30101,16960,8035,11441,10356,334,445,58,471,194,223,345,341,11570,16736,32063,37758,43196,41645,42448,18831,8412,21458,26523,19995,15189,14858,19084,19577
16,10407,813,383,897,581,314,604,383,30,1682,9668,7048,14043,8588,10495,10873,7506,10807,9489,3672,1875,4451,2211,3803,7483,3830,2523,532,1453,1468,47,690,9592,5980,4003,4089,2233,5266,5928,5570,4091,8048,2941,2119,8360,2500,2536,3904,11520,4333,2387,2091,555,1224,629,92,836,869,614,473,10796,5087,10193,10880,11261,1983,6783,5008,6383,6790,3142,2310,1990,15426,259,731,1079,739,364,410,114,235,1025,5274,5475,12145,9585,8816,2669,5105,7215,10942,4087,3854,6405,3529,3699,3785,3953,7978,603,3945,1898,4350,2331,12,238,6155,6446,6351,14998,5077,7037,6229,4872,5982,8377,9464,5870,1729
17,2732,5053,4862,4617,1969,633,2151,1670,2427,2457,190,97,2828,7979,2184,6694,3415,7698,4454,5123,4959,2672,95,4683,3553,6675,7158,1484,3449,1999,877,910,290,1359,72,1142,599,2984,7771,7187,8372,2939,378,5124,15194,5485,5107,6449,6904,6561,7749,1543,4001,3228,778,2695,5507,2919,3054,606,906,1542,387,6609,8486,7900,1195,5276,4906,6110,5508,9802,7844,6434,3215,7162,5041,4702,4215,1641,807,1508,4778,104,55,6580,6085,9654,8252,5194,3967,6442,4921,882,4085,7483,6688,6583,4563,5349,6930,5146,6021,3285,2197,1702,2366,3,10,1134,3760,8556,7317,6974,16569,5169,11954,5886,5613,3705
18,122,280,399,607,284,580,9617,8456,6791,6327,18615,21928,13581,19917,28442,19867,12910,7818,10029,9269,7009,7239,2955,5045,2144,3217,72,142,137,221,632,1699,361,803,15152,4499,4800,3618,13944,5144,6405,7960,8426,7931,645,4590,7348,1472,739,1202,550,278,517,582,323,448,464,9566,1496,2210,3035,875,15417,16823,8103,5610,12287,5234,3742,9330,12363,3855,2088,404,633,248,156,1341,482,1297,21991,7741,15844,27064,16696,21286,14394,16667,18808,20218,28120,11553,19384,49368,12155,3688,12646,22,489,1540,275,224,833,9664,11320,6090,13932,23939,21069,24837,17933,8975,1537,5417,26022,28412,28083,26713,12071,5420
19,0,0,69,163,535,340,518,260,2345,6019,9252,6748,14405,1704,16830,6879,2596,4825,13817,6908,1076,7168,793,31,7482,377,3,5,0,31,43,25,433,2994,7280,4577,10567,6819,3598,4883,5591,12713,9564,1189,737,5445,60,4607,0,0,22,108,0,16,1427,6910,12081,12008,9237,5170,7031,2317,2614,5624,4201,6616,9909,642,5118,6373,2259,2952,5227,0,1506,163,45,2279,361,674,2349,7918,2883,14597,14463,4467,3427,7309,9816,1800,11393,11966,11792,9969,2640,5465,10,439,520,895,312,173,1495,239,1186,8081,3317,0,375,1144,10,214,5712,35,124,4286,6551,3956,1689,5782
20,155,145,354,126,124,120,624,241,804,13,17876,26647,10151,2324,26545,458,296,396,721,10927,390,1838,3121,3720,9,46,123,204,129,276,327,52,572,214,7296,9182,5071,4961,21178,10780,331,1653,227,3520,3348,28,2268,4116,1716,30,137,121,298,167,518,14,544,273,426,233,5319,147,1292,4226,1051,9175,4387,2240,4091,884,633,2438,95,402,483,443,73,143,471,145,487,16483,18392,18479,7211,8907,6906,533,9480,578,7884,1849,14045,3929,5925,731,249,194,183,240,355,549,529,266,465,11104,10571,37775,7488,1620,3921,3431,7269,3887,9176,13606,8802,1541,8043,1254
21,804,1335,126,4253,1318,926,1901,4419,654,210,0,2044,13227,15406,19243,20727,19228,18710,11033,18247,15582,16356,9316,382,3339,2018,12,3420,1444,715,555,1763,12111,10165,15086,2942,13731,1888,17153,17792,10566,16412,13592,18898,11885,20049,12293,587,273,783,758,4933,1578,463,1080,9666,271,17545,25975,29706,18587,14441,21713,19102,17107,8285,18395,15050,12160,13519,7702,417,311,897,5477,351,1001,1140,271,3188,7737,17835,23850,18622,12037,19215,5600,12799,5293,1036,9169,3256,12340,5733,11582,1315,7664,1148,1009,3594,3266,756,1340,877,4328,5536,2961,5755,13775,10857,4969,31395,12186,659,2250,14028,9723,11131,10111,7245
22,511,2325,580,2808,0,1677,307,3043,1769,2015,15480,20108,26477,27766,42622,16658,388,562,24221,24274,12866,12158,7207,11124,13123,29212,1755,105,105,1656,5862,540,1293,255,29399,7254,96,7704,12176,11453,42389,3826,24669,13264,7408,22445,7088,14355,9079,375,1622,837,658,589,1515,1397,1123,217,1420,354,1237,9224,23813,16367,36789,5143,17162,24665,22670,23383,21540,9507,9930,59,194,1144,1083,479,570,706,20049,15445,1838,5873,10794,7342,9928,21946,23064,30501,20458,8158,10197,29094,22046,6797,2549,527,1215,590,1765,288,1418,293,910,7357,14304,15488,14406,6609,25706,11768,48617,32355,19139,16363,38124,26473,34408,3632
0,787,417,362,2021,622,290,1016,1597,4408,18645,26021,6717,24513,15965,9807,26062,7983,19517,36661,15938,11200,19040,11975,5654,2802,350,533,219,401,876,3535,43992,17417,17914,29587,11651,11967,13969,8465,9926,30126,6709,30339,17160,6961,15877,28717,15920,995,694,720,540,1411,439,1853,1012,14475,22548,9346,15412,23534,29277,18947,28337,20308,499,6604,8333,6311,10479,6708,15533,8784,705,511,481,2719,1474,989,736,5882,24654,22549,27057,28984,5467,15772,17130,5932,18338,21335,11040,11040,11040,11040,10856,20820,20820,20820,20820,20820,20820,20820,20820,20820,20820,20820,20820,28830,23945,28872,26487,12313,19446,12086,19747,26642,15170,21299,15111
1,19821,164,163,224,249,340,1434,35928,29828,18292,26171,19269,14603,20567,18790,42468,42303,12644,9198,15428,19415,15960,16701,10558,718,846,293,389,763,382,942,37739,35112,20515,28383,28877,35304,72229,81252,69280,30949,26594,43246,32643,31559,27110,36855,23637,567,383,678,680,900,738,645,9869,12283,17413,77211,75472,70830,72690,44501,38334,31001,28389,43180,38576,35389,30900,14622,13074,558,750,452,1374,519,279,1486,911,1123,6626,36857,34927,1739,262,41840,51947,45586,15657,10127,23855,17921,22484,6474,26973,1014,417,476,252,455,1101,3365,36825,30445,27289,31149,49290,37120,32736,35999,42185,48192,29526,35286,38182,45845,16405,6157,20314
2,0,0,0,0,0,0,0,0,0,14477,28371,24931,23245,18855,18167,27835,14354,5810,22867,22095,25577,11650,9294,7425,25040,3778,834,247,348,165,598,551,3917,21789,14753,29045,24547,26444,17220,25991,35842,20005,27247,20006,28122,13516,8734,11060,11439,1300,695,301,667,624,635,900,4028,15287,24695,41119,34103,33428,27245,26668,65015,24417,19659,25875,21626,25193,19652,7719,11618,836,493,596,989,761,302,958,4920,5905,18322,21791,31153,33704,25557,23668,35116,30471,33583,24654,23961,17441,13480,20387,664,833,641,320,638,578,21515,14205,19589,36425,38610,38478,34025,28503,20183,23958,37620,11237,35425,25469,17088,16938,19095,23054
3,324,1347,6075,1098,592,1804,2033,453,822,1002,21124,23978,26803,12794,24578,14515,18801,10116,5013,13454,26425,23871,16715,2167,737,1804,552,1313,1931,1148,494,940,989,736,15314,40742,9314,15247,23787,45314,41836,4530,8474,20067,14797,11932,23819,8745,10963,952,1579,683,499,775,1208,603,1329,2656,3444,36653,39878,42337,18969,15179,43750,14255,16611,22962,20233,16414,3966,18869,953,823,1450,3204,474,4962,930,911,583,1320,2599,45488,23890,48666,32296,34387,11077,15600,25576,8717,7145,11869,22798,6523,1376,815,1085,448,374,2336,720,1322,1081,1386,616,16644,26733,15280,9306,13594,6988,13307,9661,5993,29836,13109,7292,19011
4,324,326,1034,92,327,6107,42261,36681,19307,22059,29971,24933,23364,27720,24072,25939,21582,30911,11526,40735,52689,16615,24852,783,342,502,472,451,272,3978,45478,25084,28775,31296,32306,49497,29345,37303,43657,39481,20421,22820,37665,14836,18230,17546,4155,18804,413,42,170,214,548,1546,91,6782,39327,45328,54871,32366,29622,21076,19262,14257,16118,23098,17746,27016,16053,6942,16297,8,1170,942,900,1663,314,1807,503,894,6548,39630,51027,11562,22053,28399,30572,18399,24018,6300,12253,16054,36898,33596,15122,4104,1394,88,804,749,708,633,1676,37317,40626,55847,20130,38059,54466,44605,22928,32752,24534,13594,36068,18760,13910,8728,13190,726
5,4064,265,113,198,701,334,706,2300,28770,18972,54528,13420,38380,30268,16470,43664,25517,17048,15124,17203,56020,28938,32734,15901,734,49524,53122,38905,29750,19619,11037,43993,17681,25497,26180,17488,26897,24462,17287,23532,38272,14885,12203,22169,62690,37414,7234,262,454,392,600,1180,490,1314,1052,42007,54938,15313,20429,34214,22365,30485,89281,17023,12096,20935,52429,38811,38536,22787,26079,19508,12616,36573,16960,1247,225,233,625,1408,489,15135,30005,68081,61909,63073,65022,27368,21643,15251,23863,11760,20884,16816,34534,18470,30655,18571,3753,12788,0,1023,0,547,307,2700,19470,40505,41986,19635,24689,70274,27848,30178,22564,26211,6721,9949,29971,21806
6,43504,577,1258,1468,453,1932,1129,1657,3703,51484,72107,80940,65937,42088,59616,37019,28338,35513,14157,20276,21498,29806,19691,13091,6105,9902,1024,877,1285,1067,1642,57518,19254,34335,26769,19153,21094,9189,28852,23982,33638,20214,54203,60018,39103,28903,22433,54376,30503,339,845,1339,596,2465,1290,7034,65767,22183,26518,27296,31179,33945,19503,24139,71281,40961,14394,24429,18533,26189,8722,47294,44459,0,561,406,690,1435,812,9565,58971,21930,33531,52549,37804,51587,27275,36781,33218,69750,41551,52756,54559,32237,33919,35477,35523,27735,65911,0,1238,148,987,1124,1499,1154,3206,5689,52260,13866,13386,4313,35291,21179,18144,35932,17207,25397,33742,60006
7,2250,2637,8221,1076,1691,626,1265,21344,35969,38164,27076,30551,36974,39322,36323,28109,33642,34846,49955,11876,10302,38631,23577,21493,2890,686,2899,1117,134,831,43655,23378,35881,40002,29932,32093,43354,39264,29681,21812,28439,26586,24394,28149,28927,30297,30455,33868,5494,2616,623,3476,29293,57475,35426,35507,28841,31700,26937,25763,36370,38832,49817,12065,22838,47957,43610,25096,20110,16988,34009,31650,35129,8685,1118,507,793,1244,28098,28647,35271,55666,37224,31068,31775,40426,34109,37449,8001,31588,24936,16324,24989,48591,11897,62050,24773,2427,783,177,1236,924,4893,35658,48848,39146,36772,34105,33639,22752,33008,5803,28374,60981,28956,42025,23028,22457,3219,13862
8,376,396,418,420,420,420,596,420,420,420,420,420,1584,13760,16590,25854,246,1176,16087,13704,3392,2900,14816,9486,1749,1400,6088,82,281,298,309,1006,22331,5079,10476,16451,32071,21195,9022,21976,10921,12314,4964,13172,13641,18389,14193,2915,4398,601,19,206,47,330,19472,13256,12957,17795,14249,12363,5707,20617,18366,21024,28029,22137,24122,22857,16368,7292,2677,2334,3657,3014,1973,273,110,3752,566,57,176,561,4917,12132,12690,8848,3984,6518,20160,19053,11273,6428,2823,4475,2704,3340,4809,2116,303,44,998,358,103,963,3268,139,171,4766,14476,6480,26640,8482,28775,22192,12825,3403,7719,1791,3183,1570
9,245,275,666,592,528,338,782,421,562,947,3632,17027,39539,44044,23937,52405,23831,33020,37708,36301,35694,33266,10719,15070,394,454,279,456,1442,7864,40243,16063,46655,54975,44511,30624,46312,41775,33600,34065,5643,5186,8952,36720,29532,7278,12135,9902,163,1677,578,1121,362,7715,32037,14941,50472,42651,45332,21370,31117,40002,42644,15222,5650,126,8,0,0,0,0,0,36,96,159,174,180,180,180,180,180,180,180,180,180,180,185,15571,24239,22551,35507,33808,26147,10694,3726,2419,4145,14672,194,180,180,180,180,180,180,180,2638,12374,27015,18614,14897,6141,15505,29541,12982,9599,2807,4223,11073,52
10,3244,58,154,353,0,141,12249,28460,15602,22109,21206,13483,37382,21345,16862,19415,20680,1229,1460,12650,3493,10707,4526,3607,10331,2357,85,149,1438,343,20490,11270,10146,14913,25002,15603,8654,17635,7563,25314,91,0,23207,21952,5302,3010,6055,5037,4986,115,196,253,148,345,15880,36530,15594,26762,12033,22369,14413,12056,19853,56200,1623,19070,31797,7060,16681,14104,16977,2499,4906,1702,131,123,174,374,125,252,18,143,14613,17604,19461,23187,38006,19711,7497,11530,44640,9135,16342,12836,13088,6124,4323,5745,180,104,223,291,321,231,1273,1493,166,16599,31534,34264,37892,29970,16192,26442,7441,13947,2511,3316,4090,1672
11,2881,261,625,208,44,942,23825,14542,15416,12268,16617,27237,24557,14564,6500,19495,530,24311,522,7457,819,3389,10957,4166,115,405,369,200,743,180,22355,14088,13778,28885,41424,12020,27386,28917,11626,982,6901,8401,30773,15896,12527,10069,10971,6709,3849,173,270,309,1218,223,356,252,251,5561,18935,36670,18276,12488,15624,15582,19484,17515,22673,27706,12153,19193,6415,73,2472,23,76,260,1274,1549,13800,9251,8593,10088,25108,16637,19742,34652,24606,16928,31643,17941,15196,13838,9512,8296,2404,765,5787,534,28,308,377,157,508,14505,22364,15762,18854,9356,10635,13816,23329,8176,20555,13504,16837,3816,4729,3103,5869,3071
12,429,250,1799,498,893,6205,35263,26248,19721,30475,20539,18921,27636,25911,18584,26660,14675,17686,40415,22206,8316,7373,2448,6556,475,1085,0,543,1296,854,2791,347,6955,19781,17636,18133,16910,27472,29558,21548,15601,6055,39224,6285,7778,3207,23398,16819,793,1336,152,441,684,601,1387,5366,12949,17865,22703,13654,27257,21404,24928,33147,20235,12843,17186,24268,11411,11479,9197,4440,453,579,809,768,330,2390,1227,618,347,7159,29048,29506,14679,22635,25110,27857,9399,19444,4685,7977,5012,4464,6031,6397,1212,2242,716,520,1139,2091,809,1182,1630,17733,3473,11312,20504,17032,19408,20832,4787,5346,19622,17724,4793,5564,9328,458
13,3113,921,1231,425,1605,21080,52445,37364,58310,80610,80311,27816,70127,87431,29468,46175,18109,26292,38584,39306,13946,13876,12978,1293,662,545,426,1317,958,668,37976,33838,38438,64132,36781,40151,35489,31036,25014,37346,8335,6515,45585,44178,7278,13168,8391,25980,3935,929,1436,1702,1249,4277,57886,53297,44785,55186,26969,46747,44328,41915,37571,36911,2783,68088,34748,26385,35361,17742,23024,13849,16841,16168,25263,7625,2869,739,522,1207,1945,657,4923,4594,1868,61039,122698,66592,47754,47883,28507,17955,7139,6919,4964,8480,3595,14751,3473,853,1831,922,1786,1037,2703,1878,2833,23501,73011,69583,13637,17441,9514,14101,13349,14743,35030,6593,5630,21128
14,476,1014,209,670,552,499,36197,33290,19119,21688,27924,24722,17332,37350,19215,47667,32689,6888,54006,20093,38300,16166,9807,14390,1227,330,1085,668,1300,618,25748,28775,28626,33235,19869,19909,35979,27498,21767,49346,37842,27977,28264,20220,20220,24511,18328,12263,367,761,757,487,2683,546,28314,27745,25916,30293,22830,26720,40298,24486,34706,32855,31191,12553,31316,47400,26692,20617,19656,16136,17443,676,2617,373,1043,672,1122,480,867,34971,33599,24534,12019,26651,36216,17552,13361,29425,30966,3062,3386,18368,5669,23307,12914,431,728,1957,585,585,1105,629,2314,36656,31543,42200,21611,37758,26970,35820,8777,37339,3881,42819,4401,7495,1972,19778
15,786,976,676,712,349,1131,23373,26079,13369,22669,11649,14858,17941,27170,28882,28894,28797,24227,23245,10740,8455,11158,20010,4236,1712,514,1339,577,1131,3418,22419,21212,14774,21583,21445,20493,17011,23303,28782,28265,28857,30332,21282,21987,16653,20538,19210,5374,698,953,857,792,949,4006,24325,29369,26629,16003,21129,32153,22504,24735,27395,24743,24679,30883,8937,14304,13341,28132,9207,10456,12843,1335,579,952,750,657,488,846,7900,7923,35518,52127,56596,75061,43862,42758,14743,19260,40340,17252,11812,13150,8790,12082,11985,654,1155,325,1785,538,353,1062,1433,6201,28986,18967,31924,25173,34761,53318,32636,16233,15008,7919,15752,26928,5412,18023
16,3599,559,258,593,389,14113,30561,22233,16731,6454,6390,8716,14159,10955,22539,25608,31371,13009,22659,18306,7500,11315,12620,298,276,259,952,1984,5118,1300,8319,29377,21971,10061,22176,19150,16250,13664,17417,39529,26335,21535,14767,9812,11380,10178,20350,880,663,525,976,539,1266,2431,16520,16458,18917,21708,10737,22652,21972,16776,18134,42229,25733,35517,29189,23741,25784,4716,2639,23045,545,493,424,1153,925,1585,5350,827,31616,51075,32870,43202,38737,11459,15246,15047,45051,41393,18720,18720,18720,18720,18720,18408,13860,13860,8330,3776,879,1295,784,4566,991,8395,5495,13773,29916,21942,35784,38146,23474,9417,9079,20464,23684,23075,16323,13801
17,17634,14291,11727,3048,327,359,697,128,1148,1536,16719,22591,28104,64461,32312,16873,24107,13015,15090,19600,15257,17305,12850,4940,13082,22608,12822,488,119,142,978,567,555,1448,24109,16322,22765,57663,30147,33029,20289,50099,31907,16532,15912,19276,12385,8148,14712,401,1442,184,476,846,744,879,1315,16519,16068,36397,21354,19887,20074,21438,32854,13466,21565,21319,33551,6824,5158,14892,28445,8300,423,134,215,634,1115,21783,31522,44410,42371,35984,24619,39168,28851,35731,27895,27623,22586,12887,30135,13829,5897,34928,16214,252,139,1385,1110,335,428,1350,1430,747,20653,14592,29149,12104,46912,16143,38728,33342,13274,16084,6868,12688,12013,10237
18,9970,21482,845,1673,1566,640,6894,2056,621,4133,19264,35834,15602,19947,31139,13853,20029,17638,15786,6472,8484,24958,4696,29863,61059,36706,17050,16956,8882,434,447,347,8913,415,1189,579,16459,18630,41829,28394,9580,5422,8129,7056,21796,8968,1484,5164,62,72,175,114,264,13312,29847,19692,19563,18552,18952,18299,14300,17181,14508,42606,7792,6356,9045,16950,18334,6256,11801,25,170,81,549,0,709,3465,34975,19548,25353,28072,26143,22148,14656,17042,15551,27225,14485,19395,30688,21652,15503,1019,7165,3,211,109,177,209,252,224,27866,21872,10142,2968,18292,14138,26519,6868,19613,20651,22258,18052,10820,23564,10863,16482,972,113
19,802,688,431,971,286,479,18600,57786,29562,25868,13670,14694,19760,29234,39123,66901,36986,37305,30655,36535,35665,12200,175,64,599,527,345,278,444,2393,23187,60224,21459,40769,39159,21428,23742,27425,36973,70438,28915,28474,28016,23379,11569,11056,14444,15946,1155,191,332,486,412,1927,16323,34149,23268,22174,29936,73420,54177,50326,32333,54097,16387,15071,25879,35655,20515,2052,7762,1130,5984,336,126,1023,1459,399,14544,20464,31741,39315,43428,39177,37502,52125,39402,52694,37508,28552,46348,22768,32150,7738,468,245,1383,1308,1582,1258,333,858,1131,18879,31937,36480,39689,48928,43724,48884,60657,38613,34297,32053,51079,45606,36722,15180,10245,1053
20,8689,11925,23,148,679,1532,90,2582,663,930,305,11844,37750,41266,25875,28981,22817,55350,24283,10039,34380,38541,13536,28758,26664,15918,34288,32570,16224,27687,42304,39188,17908,6510,41,1770,502,8521,12121,22024,28148,25295,27871,12331,20925,15900,28129,15409,14459,18170,13071,18644,32152,43332,37314,32393,11702,18660,18660,18660,18660,4016,9542,4997,18473,24123,17285,22020,10022,24145,6184,10970,20075,8062,11438,6002,103,239,735,291,519,420,131,23185,38587,41256,20846,43079,28696,32710,19333,15669,12863,8528,6834,29059,20919,16634,1771,6,272,47,881,672,618,4792,6197,26000,41427,9281,10560,10342,18292,21482,10625,7780,12587,11510,15348,5150
21,3865,1308,926,1128,1242,642,1084,8661,35391,31015,38099,35647,14281,18773,14041,15840,15023,16632,31395,29020,6313,14285,19247,6489,3639,1769,882,1151,771,802,743,21625,23479,28755,17669,10576,22043,15694,18720,15592,10271,9101,26605,24780,23613,642,22675,24480,12388,1306,670,947,983,623,510,22393,24803,25780,26792,20819,26606,26066,25361,34408,42053,26476,36315,3454,9414,12990,5292,22121,1113,1304,2381,436,1222,639,1306,2362,666,665,15741,24763,30134,25036,15388,18706,46836,32539,33783,17063,13800,13800,13800,17318,15952,2816,5330,1513,1683,639,1423,793,544,1054,5258,49225,33438,41804,32056,18621,28047,23253,34205,53599,26389,11897,16047,7620
22,338,405,2680,589,849,816,19223,13119,10567,13089,8861,16753,16107,12552,12892,14407,22213,14714,33949,8446,9054,6417,15404,276,268,636,451,422,535,253,16056,14277,12164,23465,18323,7497,13913,19227,21548,22555,15938,11423,9423,11220,18947,5927,11423,12754,311,375,395,892,308,544,913,5528,2,591,17736,24181,15804,12735,10122,29156,14164,53065,36139,16157,23273,15741,13538,16237,15609,19798,302,398,745,813,771,542,3240,25880,20394,41228,19177,15351,33707,17241,14402,23257,15053,15184,24143,19542,11099,14482,12107,16143,918,337,788,1041,956,880,520,709,231,29406,20244,48052,31262,13004,4909,6744,25780,15347,11417,10716,9278,20322
23,25370,978,647,307,334,317,621,208,1822,25465,48486,23646,49192,19913,43388,47058,63666,49477,134139,42402,14464,67261,36359,2121,11484,18585,582,213,329,188,209,881,686,20935,43676,25225,34857,46557,27407,55059,40746,37342,25494,19761,47948,49488,13074,26706,152,2101,682,307,341,558,978,26694,44810,31826,25502,12405,83922,26624,98740,20040,82398,158689,84496,26410,34560,49196,12768,5232,5123,15396,644,581,441,454,549,443,559,1313,13426,20550,72366,65172,44792,53401,13426,11585,4232,48326,46937,46010,24342,26789,47108,33635,39530,1454,848,381,1045,755,638,1810,437,614,27420,27420,42044,71648,78457,39126,52635,10876,26008,66141,64180,23367
24,682,422,165,290,387,5918,54406,22398,34821,28460,29824,12531,19202,31689,39418,8061,51386,57589,32992,55451,27393,17941,21495,682,739,61,308,193,701,14931,45852,11446,42251,15518,11615,9950,19189,37405,36681,12410,32606,38691,19921,32959,33701,31683,13166,5352,174,1164,943,274,191,547,455,24853,31832,26929,36400,66173,49822,44453,34109,44136,29441,47502,31211,28351,18458,16192,26779,34,184,577,1034,552,1047,2534,22354,43128,46547,33135,42154,22773,47279,52235,52611,23394,28294,32878,27682,33915,17058,10795,18570,20943,1054,769,2430,535,432,9232,26439,11555,284,35811,17780,57429,41493,27496,46471,35111,20277,38561,39494,12372,32860,27949,332,552
25,659,498,1389,644,967,683,37286,33460,33571,27345,44815,34414,49044,40401,38106,32787,31285,45943,20690,16626,40523,27608,22919,35024,16698,16415,15652,13299,207,7400,30168,38639,4611,537,613,540,292,5270,29596,45543,43817,24478,39383,14585,32494,47119,43241,35417,14434,14936,35496,18291,14844,16249,30410,46318,328,685,620,3216,27581,34438,57631,46407,59223,32519,67551,52074,24801,20459,15614,41785,13029,324,279,421,10,580,797,10287,50291,40497,34728,31672,53607,25918,50624,18187,69504,16814,36508,27048,30644,30735,15472,928,505,168,557,679,555,576,737,500,30952,41102,30995,43082,56527,43759,16373,46381,39585,11023,11856,51842,33415,31082,20322,10141
26,5566,1044,76,396,1184,621,5976,33138,19621,17548,13880,19756,11327,11170,15888,28996,24525,27072,45821,46507,6912,5822,11916,40854,6921,466,655,636,327,352,6233,36748,21741,23070,20206,10387,20387,12714,21546,2992,21372,23036,51076,13124,17582,18171,11747,37326,12597,206,712,637,107,803,6283,31934,19852,14114,13651,17197,15760,30409,41184,17345,10837,26179,48355,27244,26961,11157,17190,34220,5147,189,267,1072,390,427,6041,38195,19081,5622,18528,16788,11663,34922,54585,16293,22692,30724,9326,20290,21152,10854,13137,37634,12362,708,335,155,4303,580,1386,542,5077,30948,30923,26164,43737,35605,71197,42018,10728,20020,8609,13860,35431,32010,13667,47485
27,15671,25457,146,214,1972,8277,6730,7284,57561,23664,16687,30867,15596,35854,34474,41175,9352,48959,29845,37521,23469,5462,15772,18344,12221,28902,11137,96,5010,1050,2144,1902,21886,36124,17275,32074,29694,22916,20868,32353,32562,31943,15626,20951,10372,17227,33034,12771,28024,6409,630,2993,1116,921,24857,52223,17368,17132,14991,16508,17018,20776,18698,51324,24343,23374,9496,8823,22451,33648,28589,8479,13500,1383,136,2220,430,5313,14483,35472,15961,9191,23622,41351,20911,29767,13788,24871,40630,32014,9772,32364,34774,12820,11826,10015,29416,15216,478,256,561,26652,15989,18878,8918,7008,23631,10058,18911,12280,7250,6895,36873,19524,19389,9836,18390,25336,13278,9364
28,15932,485,231,495,1201,1011,2297,607,756,16301,19286,51055,64562,46913,64800,44072,14732,28258,14315,18692,9700,16989,8419,10057,9091,7003,7412,20133,1030,259,1152,762,910,650,15605,11629,10875,29770,30822,24718,6395,29663,35518,15086,38637,9412,8516,21731,13084,229,1372,684,828,328,17380,23634,43299,19896,21662,18617,20130,24353,33741,25301,52418,24260,24628,5776,12283,8933,21609,17844,235,2297,277,197,296,10260,14141,28341,38237,15365,21128,18232,13483,18088,38905,41410,9307,12308,17938,11028,10997,15346,25201,10187,2380,0,384,461,154,397,14347,25672,38548,21379,20395,13609,19680,14529,32016,23004,2601,34331,28889,4359,7445,7449,20280,13930
29,842,979,924,1949,1648,1180,703,2177,18656,25444,19036,5026,9511,9600,5652,11722,5136,25374,8642,18550,19363,7876,14657,8514,16630,820,1550,1030,1455,3604,1054,22147,25668,17525,16287,18655,18905,32835,21107,14596,33458,30937,24896,24286,24546,36011,28361,7120,14253,526,643,1348,1089,1282,2785,23995,28277,15471,15331,12698,17544,18263,13209,26145,29762,33760,13957,25377,18516,4114,5560,25198,3056,934,915,1545,1187,2544,1591,14816,19124,17464,18843,11921,23159,18073,24009,20606,38637,45363,17639,20413,7861,6139,6144,14335,623,1154,1214,1566,1460,1168,1338,8700,5847,33479,33878,18290,11417,40118,6836,27735,4367,12367,10412,17879,37603,6342,9814,23620
30,1140,157,45,549,728,2031,610,1440,29570,46378,79377,20498,18186,20546,6177,37750,28836,25385,9703,21486,167029,21083,28214,13066,1745,862,547,567,223,905,12935,60199,9957,13364,22029,15245,47446,42633,9033,15042,18522,19976,15782,21327,8238,13200,10842,24087,93,81,247,910,1562,681,2128,782,7318,30572,9489,35506,15345,29830,13391,59080,30730,37392,32168,40156,40450,11757,5321,25991,24570,24920,9399,111,625,1260,976,1153,1297,790,1569,28903,5642,22762,26082,49264,43803,50908,79148,44381,33646,21181,16278,10542,35801,20718,11753,596,413,97,298,1287,877,1616,1896,31607,33831,21630,14601,9451,28823,12298,17776,13588,76570,18505,11078,5686
31,2844,228,291,545,415,982,337,656,58,767,1073,3396,28156,11484,9238,25383,6779,31301,21562,5359,4106,5526,1117,2727,14948,1287,569,428,528,1041,215,403,440,737,24841,8526,20113,10764,10525,9287,14668,28402,17269,11059,5356,11982,14160,2943,12162,2017,2380,437,1055,117,508,559,1145,510,975,4097,23900,25673,14878,11598,12488,31287,10187,13895,4186,4795,2850,4041,2948,12014,13474,1157,1125,699,298,253,1201,347,434,379,4508,3046,6009,24065,26730,9950,24179,3307,12316,17763,26458,35262,13587,9377,7884,24463,35700,6503,400,138,183,536,206,1649,10910,3600,2822,19555,10487,10056,1293,837,17237,10372,3454,19699
